{
	"replace": true,
	"origins": [
		"unionorigins:imp",
		"unionorigins:goblin",
		"unionorigins:pirate",
		"unionorigins:templar",
		"unionorigins:dragonknight",
		"unionorigins:satyrdruid",
		"unionorigins:soulalchemist",
		"unionorigins:windarcher",
		"unionorigins:berserker",
		"unionorigins:wendigo",
		"unionorigins:serpent",
		{
			"condition": {
				"type": "origins:equipped_item",
				"equipment_slot": "mainhand",
				"item_condition": {
					"type": "origins:ingredient",
					"ingredient": {
						"tag": "unionorigins:orbchange"
					}
				}
			},
			"origins": [
				"unionorigins:imp-blooddemon",
				"unionorigins:goblin-cavernbrute",
				"unionorigins:pirate-captain",
				"unionorigins:templar-holypaladin",
				"unionorigins:dragonknight-mawguardian",
				"unionorigins:satyrdruid-nature",
				"unionorigins:soulalchemist-iconofdeath",
				"unionorigins:windarcher-stormelemental",
				"unionorigins:berserker-furyviking",
				"unionorigins:wendigo-frostlich",
				"unionorigins:serpent-voiddragon"
			]
		}
	]
}
