{
	"type": "origins:active_self",
	"entity_action": {
		"type": "origins:and",
		"actions": [
		{
			"type": "origins:execute_command",
			"command": "execute at @s run particle minecraft:entity_effect ~.1 ~1 ~ 2 2 2 0 1000",
			"permission_level": 4
		},
		{
			"type": "origins:execute_command",
			"command": "execute at @s run particle minecraft:poof ~.1 ~.5 ~ 2 0 2 0 200",
			"permission_level": 4
		}
		]
	},
	"key": {
		"key": "primary"
    },
	"cooldown": 280,
    "hud_render": {
        "should_render": false
    },
	"hidden": true
}