{
	"type": "origins:active_self",
	"entity_action": {
		"type": "origins:and",
		"actions": [
		{
			"type": "origins:execute_command",
			"command": "summon area_effect_cloud ~ ~ ~ {Particle:mobSpell,Radius:7f,RadiusPerTick:0f,Duration:200,Color:0,Effects:[{Id:15b,Amplifier:2b,Duration:100}]}",
			"permission_level": 4
		}
		]
	},

	"key": {
		"key": "secondary"
	},
	"cooldown": 240,
	"hud_render": {
		"sprite_location": "origins:textures/gui/community/spiderkolo/resource_bar_02.png",
		"bar_index": 19
	},
  "name": "Whispers of Hell",
  "description": "Secondary Ability: Gain speed 3 for 5 seconds and apply blindness 3 to all nearby entities in a 7 block radius AOE field. If they escape, lasts for an additional 5 seconds. 12 second cooldown."
}