{
    "type": "origins:stacking_status_effect",
    "min_stacks": 1,
    "max_stacks": 1,
    "duration_per_stack": 40,
    "effect": {
        "effect": "minecraft:strength",
        "is_ambient": true,
        "amplifier": 0,
        "show_particles": false,
        "show_icon": true
    },
	"condition": {
		"type": "origins:equipped_item",
		"equipment_slot": "offhand",
		"item_condition": {
			"type": "origins:ingredient",
			"ingredient": {
			"item": "minecraft:coal_block"
			}
		}
	},
	"hidden": true
}