{
    "type": "origins:fire_projectile",
    "entity_type": "minecraft:arrow",
    "cooldown": 200,
    "count": 5,
    "speed": 5,
    "divergence": 5,
    "tag": "{pickup:0b,CustomPotionEffects:[{Id:25,Duration:10,Amplifier:14b}]}",
    "key": {
        "key": "primary"
    },
    "hud_render": {
        "should_render": true,
        "sprite_location": "origins:textures/gui/community/spiderkolo/resource_bar_02.png",
        "bar_index": 5
    },
    "name": "Wind's Fury",
    "description": "Primary Ability: Launch a cluster of 5 arrows, applying levitation 15 for 0.5 seconds. 10 second cooldown."
}