{
		"type": "origins:attribute",
		"modifiers":
		[
			{
				"name": "Body health",
				"attribute": "minecraft:generic.max_health",
				"value": 10,
				"operation": "addition"
			},
			{
				"name": "Body damage",
				"attribute": "minecraft:generic.attack_damage",
				"value": 0,
				"operation": "addition"
			},
			{
				"name": "Body movement speed reduction",
				"attribute": "minecraft:generic.movement_speed",
				"value": 0,
				"operation": "addition"
			}
		],
  "name": "Walking Carcass",
  "description": "Your inhuman body has been enchanted by a mysterious force, permanently increasing your HP to 15 hearts, and making you significantly taller."
}