{
    "type": "origins:active_self",
    "entity_action": {
        "type": "origins:and",
        "actions": [
			{
                "type": "origins:execute_command",
                "permission_level": 4,
                "command": "execute run scale set pehkui:width 1 @s"
            },
			{
                "type": "origins:execute_command",
                "permission_level": 4,
                "command": "execute run scale set pehkui:height 1 @s"
            },
			{
                "type": "origins:execute_command",
                "permission_level": 4,
                "command": "execute run scale set pehkui:step_height 1 @s"
            }
		]
	},
	"cooldown": 0,
	"hud_render": {
		"should_render": false
	},
    "key": {
        "key": "key.extra_keybinds.nonary"
	},
	"name": "Reset Scale - Normal",
	"description": "Nonary Ability: Resets your scale. Use if your character's size has broken due to any bugs."
}