{
    "type": "origins:active_self",
    "entity_action": {
        "type": "origins:and",
        "actions": [{
                "type": "origins:execute_command",
                "permission_level": 4,
                "command": "playsound minecraft:entity.ravager.attack ambient @a[distance=..20] ~ ~ ~ 1"
            },
			{
                "type": "origins:execute_command",
                "permission_level": 4,
                "command": "playsound minecraft:entity.iron_golem.damage ambient @a[distance=..20] ~ ~ ~ .5 .7"
            }
		]
	},
    "cooldown": 80,
    "hud_render": {
        "should_render": false
    },
    "key": {
        "key": "secondary"
    },
	"hidden": true
}