{
    "type": "origins:active_self",
    "entity_action": {
        "type": "origins:and",
        "actions": [{
                "type": "origins:execute_command",
                "permission_level": 4,
                "command": "playsound minecraft:entity.snow_golem.death ambient @a[distance=..20]"
            },
			{
                "type": "origins:execute_command",
                "permission_level": 4,
                "command": "playsound minecraft:entity.evoker.cast_spell ambient @a[distance=..20]"
            },
			{
                "type": "origins:execute_command",
                "permission_level": 4,
                "command": "playsound minecraft:entity.illusioner.prepare_mirror ambient @a[distance=..20]"
            }
		]
	},
    "cooldown": 200,
    "hud_render": {
        "should_render": false
    },
    "key": {
        "key": "primary"
    },
	"hidden": true
}