{ 
	"type": "origins:fire_projectile",
	"cooldown": 200,
	"hud_render": {
		"sprite_location":"origins:textures/gui/community/spiderkolo/resource_bar_02.png",
		"bar_index": 19
	},
	"entity_type": "wither_skull",
	"sound": "entity.player.hurt_on_fire",
	"speed": 1,
	"divergence": 0,
	"count": 1,
	"key": "secondary",
    "name": "Skull of the Damned",
    "description": "Secondary Ability: Launch a wither skull, dealing 8 damage and applying wither to any target hit. Destroys blocks on impact. 10 second cooldown."
}