{
	"powers": [
		"unionorigins:battle_shoutupgrade",
		"unionorigins:battle_shout_particlesupgrade",
		"unionorigins:battle_shout_soundupgrade",
		"unionorigins:final_standupgrade",
		"unionorigins:final_stand_particlesupgrade",
		"unionorigins:final_stand_soundupgrade",
		"unionorigins:body_berserker_buffupgrade",
		"unionorigins:body_berserker_buff_particles",
		"unionorigins:body_berserker_buff_sound",
		"unionorigins:body_berserker_buff_active",
		"unionorigins:body_berserker_buff_fire",
		"unionorigins:bloodbuff",
		"unionorigins:bloodbuff_sound",
		"unionorigins:large_body_berserker",
		"unionorigins:steal_healthupgrade",
		"unionorigins:slowness_immune",
		"unionorigins:weakness_immune",
		"unionorigins:fire_buff_permaberserker",
		"unionorigins:increased_damage",
		"unionorigins:scale_normalheight",
		"unionorigins:scale_normalwidth",
		"unionorigins:scale_stepheight_reset",
		"unionorigins:orbcraft",
		"unionorigins:teamleave",
		"unionorigins:scaleset_normal"
	],
	"icon": "minecraft:netherite_axe",
	"order": 19,
	"impact": 3,
	"name": "Fury Viking",
	"description": "Bloodthirsty, and especially ruthless, Berserkers are unchained warriors, killing anything in their path."
}