{
	"powers": [
		"unionorigins:battle_shout",
		"unionorigins:battle_shout_particles",
		"unionorigins:battle_shout_sound",
		"unionorigins:final_stand",
		"unionorigins:final_stand_particles",
		"unionorigins:final_stand_sound",
		"unionorigins:body_berserker_buff",
		"unionorigins:body_berserker_buff_particles",
		"unionorigins:body_berserker_buff_sound",
		"unionorigins:body_berserker_buff_active",
		"unionorigins:body_berserker_buff_fire",
		"unionorigins:large_body_berserker",
		"unionorigins:steal_health",
		"unionorigins:slowness_immune",
		"unionorigins:weakness_immune",
		"unionorigins:increased_damage",
		"unionorigins:scale_normalheight",
		"unionorigins:scale_normalwidth",
		"unionorigins:scale_stepheight_reset",
		"unionorigins:upgradereset",
		"unionorigins:orbcraft",
		"unionorigins:teamleave",
		"unionorigins:scaleset_normal"
	],
	"icon": "minecraft:diamond_axe",
	"order": 19,
	"impact": 3,
	"name": "Berserker",
	"description": "Bloodthirsty, and especially ruthless, Berserkers are unchained warriors, killing anything in their path.",
	"upgrades": [
        {
		"condition": "minecraft:end/kill_dragon",
		"origin": "unionorigins:berserker-furyviking",
		"announcement": "You feel more powerful, and have upgraded your Origin."
		} 
	]
}