{
	"powers": [
		"unionorigins:dragonknight_flightupgrade",
		"unionorigins:dragonknight_flight_particlesupgrade",
		"unionorigins:dragonknight_flight_soundupgrade",
		"unionorigins:dragonknight_flight_sound_additionalupgrade",
		"unionorigins:dragonknight_flight_sound_additional_extraupgrade",
		"unionorigins:dragonknight_flight_sound_additional_extra_againupgrade",
		"unionorigins:bolsterupgrade",
		"unionorigins:bolster_particlesupgrade",
		"unionorigins:bolster_soundupgrade",
		"unionorigins:bolster_sound_additionalupgrade",
		"unionorigins:bolster_sound_additional_extraupgrade",
		"unionorigins:shield_slamupgrade",
		"unionorigins:shield_slam_particlesupgrade",
		"unionorigins:shield_slam_soundupgrade",
		"unionorigins:shield_slam_sound_additionalupgrade",
		"unionorigins:hover",
		"unionorigins:hover_sound",
		"unionorigins:hover_dragon_particles",
		"unionorigins:hover_active",
		"unionorigins:firethorns",
		"unionorigins:firethornsburn",
		"unionorigins:firestrength",
		"unionorigins:large_body_dragonknight",
		"origins:elytra",
		"origins:aerial_combatant",
		"unionorigins:lava_swimming",
		"unionorigins:explosion_immune",
		"unionorigins:knockback_immune",
		"unionorigins:fire_buff_perma",
		"unionorigins:lava_vision",
		"unionorigins:scale_normalheight",
		"unionorigins:scale_normalwidth",
		"unionorigins:scale_stepheight_reset",
		"unionorigins:water_weakness",
		"unionorigins:orbcraft",
		"unionorigins:teamleave",
		"unionorigins:scaleset_normal"
	],
	"icon": "minecraft:netherite_chestplate",
	"order": 14,
	"impact": 3,
	"name": "Maw Guardian",
	"description": "A knight of unworldly defense, these warriors of the battlefield are known for their impressive resilience of multiple incoming attacks."
}