{
	"powers": [
		"unionorigins:dragonknight_flight",
		"unionorigins:dragonknight_flight_particles",
		"unionorigins:dragonknight_flight_sound",
		"unionorigins:dragonknight_flight_sound_additional",
		"unionorigins:dragonknight_flight_sound_additional_extra",
		"unionorigins:dragonknight_flight_sound_additional_extra_again",
		"unionorigins:bolster",
		"unionorigins:bolster_particles",
		"unionorigins:bolster_sound",
		"unionorigins:bolster_sound_additional",
		"unionorigins:bolster_sound_additional_extra",
		"unionorigins:shield_slam",
		"unionorigins:shield_slam_particles",
		"unionorigins:shield_slam_sound",
		"unionorigins:shield_slam_sound_additional",
		"unionorigins:large_body_dragonknight",
		"origins:elytra",
		"origins:aerial_combatant",
		"unionorigins:lava_swimming",
		"unionorigins:explosion_immune",
		"unionorigins:knockback_immune",
		"unionorigins:fire_buff_perma",
		"unionorigins:lava_vision",
		"unionorigins:water_weakness",
		"unionorigins:scale_normalheight",
		"unionorigins:scale_normalwidth",
		"unionorigins:scale_stepheight_reset",
		"unionorigins:upgradereset",
		"unionorigins:orbcraft",
		"unionorigins:teamleave",
		"unionorigins:scaleset_normal"
	],
	"icon": "minecraft:elytra",
	"order": 14,
	"impact": 3,
	"name": "Dragon Knight",
	"description": "A knight of unworldly defense, these warriors of the battlefield are known for their impressive resilience of multiple incoming attacks.",
	"upgrades": [
        {
		"condition": "minecraft:end/kill_dragon",
		"origin": "unionorigins:dragonknight-mawguardian",
		"announcement": "You feel more powerful, and have upgraded your Origin."
		} 
	]
}