{
	"powers": [
		"unionorigins:poison_spread_attack",
		"unionorigins:poison_spread_attack_particles",
		"unionorigins:poison_spread_attack_sound",
		"unionorigins:poison_spread_attack_sound_additional",
		"unionorigins:poison_spread_attack_sound_additional_extra",
		"unionorigins:goblin_exp_grant",
		"unionorigins:goblin_exp_grant_particles",
		"unionorigins:goblin_exp_grant_sound",
		"unionorigins:goblin_exp_grant_sound_additional",
		"unionorigins:goblin_exp_grant_sound_additional_extra",
		"unionorigins:goblin_exp_grant_sound_additional_extra_again",
		"unionorigins:goblin_inventory",
		"unionorigins:goblin_inventory_sound",
		"unionorigins:goblin_inventory_sound_additional",
		"unionorigins:goblin_inventory_sound_additional_extra",
		"unionorigins:poison_melee",
		"unionorigins:poison_immune",
		"origins:tailwind",
		"unionorigins:goblin_skin",
		"unionorigins:haste_buff_perma",
		"unionorigins:goblin_gunk",
		"unionorigins:small_body_goblin",
		"unionorigins:scale_goblinheight",
		"unionorigins:scale_goblinwidth",
		"unionorigins:scale_stepheight_reset",
		"unionorigins:upgradereset",
		"unionorigins:orbcraft",
		"unionorigins:teamleave",
		"unionorigins:scaleset_small"
	],
	"icon": "minecraft:gold_ingot",
	"order": 11,
	"impact": 3,
	"name": "Goblin",
	"description": "Crafty assassins of the caves, who may know a thing or two about pickpocketing.",
	"upgrades": [
        {
		"condition": "minecraft:end/kill_dragon",
		"origin": "unionorigins:goblin-cavernbrute",
		"announcement": "You feel more powerful, and have upgraded your Origin."
		} 
	]
}