{
	"powers": [
		"unionorigins:poison_spread_attackupgrade",
		"unionorigins:poison_spread_attack_particlesupgrade",
		"unionorigins:poison_spread_attack_soundupgrade",
		"unionorigins:poison_spread_attack_sound_additionalupgrade",
		"unionorigins:poison_spread_attack_sound_additional_extraupgrade",
		"unionorigins:goblin_exp_grantupgrade",
		"unionorigins:goblin_exp_grant_particlesupgrade",
		"unionorigins:goblin_exp_grant_soundupgrade",
		"unionorigins:goblin_exp_grant_sound_additionalupgrade",
		"unionorigins:goblin_exp_grant_sound_additional_extraupgrade",
		"unionorigins:goblin_exp_grant_sound_additional_extra_againupgrade",
		"unionorigins:goblin_inventory",
		"unionorigins:goblin_inventory_sound",
		"unionorigins:goblin_inventory_sound_additional",
		"unionorigins:goblin_inventory_sound_additional_extra",
		"unionorigins:rocket_barrage",
		"unionorigins:goldbuff",
		"unionorigins:goldbuffoff",
		"unionorigins:luck_buff_perma",
		"unionorigins:poison_melee",
		"unionorigins:poison_immune",
		"origins:tailwind",
		"unionorigins:goblin_skin",
		"unionorigins:haste_buff_perma",
		"unionorigins:goblin_gunk",
		"unionorigins:small_body_goblin",
		"unionorigins:scale_goblinheight",
		"unionorigins:scale_goblinwidth",
		"unionorigins:scale_stepheight_reset",
		"unionorigins:orbcraft",
		"unionorigins:teamleave",
		"unionorigins:scaleset_small"
	],
	"icon": "minecraft:gold_block",
	"order": 11,
	"impact": 3,
	"name": "Tinker Master",
	"description": "Crafty assassins of the caves, who may know a thing or two about pickpocketing."
}