{
	"powers": [
		"unionorigins:directional_jumpupgrade",
		"unionorigins:directional_jump_particlesupgrade",
		"unionorigins:directional_jump_soundupgrade",
		"unionorigins:directional_jump_sound_extraupgrade",
		"unionorigins:blind_spread_attackupgrade",
		"unionorigins:blind_spread_attack_particlesupgrade",
		"unionorigins:blind_spread_attack_soundupgrade",
		"unionorigins:blind_spread_attack_invisupgrade",
		"unionorigins:blind_spread_attack_invis_soundupgrade",
		"unionorigins:blind_spread_attack_invis_sound_additionalupgrade",
		"unionorigins:imp_invisible",
		"unionorigins:imp_invisible_particles",
		"unionorigins:imp_invisible_sound",
		"unionorigins:imp_invisible_sound_additional",
		"unionorigins:imp_invisibilityupgrade",
		"unionorigins:imp_invisibility_effectupgrade",
		"unionorigins:directional_jump_down",
		"unionorigins:directional_jump_down_particles",
		"unionorigins:directional_jump_down_sound",
		"unionorigins:directional_jump_down_sound_extra",
		"unionorigins:fireclaws",
		"unionorigins:firespeed",
		"origins:fall_immunity",
		"origins:tailwind",
		"unionorigins:lava_walk",
		"unionorigins:lava_swimming",
		"unionorigins:fire_buff_perma",
		"unionorigins:lava_vision",
		"unionorigins:blind_immune",
		"unionorigins:imp_skin",
		"unionorigins:small_body_imp",
		"unionorigins:imp_hunger",
		"unionorigins:strider_shake",
		"unionorigins:water_weakness",
		"unionorigins:scale_impheight",
		"unionorigins:scale_impwidth",
		"unionorigins:scale_stepheight_reset",
		"unionorigins:orbcraft",
		"unionorigins:teamleave",
		"unionorigins:scaleset_small"
	],
	"icon": "minecraft:weeping_vines",
	"order": 10,
	"impact": 3,
	"name": "Blood Demon",
	"description": "Small, annoying red creatures that seem to be able to escape almost any trouble."
}