{
	"powers": [
		"unionorigins:directional_jump",
		"unionorigins:directional_jump_particles",
		"unionorigins:directional_jump_sound",
		"unionorigins:directional_jump_sound_extra",
		"unionorigins:blind_spread_attack",
		"unionorigins:blind_spread_attack_particles",
		"unionorigins:blind_spread_attack_sound",
		"unionorigins:blind_spread_attack_invis",
		"unionorigins:blind_spread_attack_invis_sound",
		"unionorigins:blind_spread_attack_invis_sound_additional",
		"unionorigins:imp_invisible",
		"unionorigins:imp_invisible_particles",
		"unionorigins:imp_invisible_sound",
		"unionorigins:imp_invisible_sound_additional",
		"unionorigins:imp_invisibility",
		"unionorigins:imp_invisibility_effect",
		"origins:fall_immunity",
		"origins:tailwind",
		"unionorigins:lava_walk",
		"unionorigins:lava_swimming",
		"unionorigins:fire_buff_perma",
		"unionorigins:lava_vision",
		"unionorigins:blind_immune",
		"unionorigins:imp_skin",
		"unionorigins:small_body_imp",
		"unionorigins:imp_hunger",
		"unionorigins:strider_shake",
		"unionorigins:water_weakness",
		"unionorigins:scale_impheight",
		"unionorigins:scale_impwidth",
		"unionorigins:scale_stepheight_reset",
		"unionorigins:upgradereset",
		"unionorigins:orbcraft",
		"unionorigins:teamleave",
		"unionorigins:scaleset_small"
	],
	"icon": "minecraft:magma_block",
	"order": 10,
	"impact": 3,
	"name": "Imp",
	"description": "Small, annoying red creatures that seem to be able to escape almost any trouble.",
	"upgrades": [
        {
		"condition": "minecraft:end/kill_dragon",
		"origin": "unionorigins:imp-blooddemon",
		"announcement": "You feel more powerful, and have upgraded your Origin."
		} 
	]
}