{
	"powers": [
		"unionorigins:large_body_pirate",
		"unionorigins:cannon_fireupgrade",
		"unionorigins:cannon_fire_particlesupgrade",
		"unionorigins:cannon_fire_knockbackupgrade",
		"unionorigins:cannon_fire_soundupgrade",
		"unionorigins:cannon_fire_sound_additionalupgrade",
		"unionorigins:cannon_fire_sound_additional_extraupgrade",
		"unionorigins:cannon_fire_sound_additional_extra_againupgrade",
		"unionorigins:flintlockupgrade",
		"unionorigins:flintlock_smokeupgrade",
		"unionorigins:flintlock_soundupgrade",
		"unionorigins:flintlock_sound_additionalupgrade",
		"unionorigins:phasingupgrade",
		"unionorigins:phasing_sound",
		"unionorigins:phasing_sound_additional",
		"unionorigins:phasing_hungerupgrade",
		"unionorigins:phantomize",
		"unionorigins:trident",
		"unionorigins:trident_sound",
		"unionorigins:wither_melee",
		"unionorigins:cannonballbuff",
		"unionorigins:cannonballbuffoff",
		"unionorigins:pirate_swim",
		"unionorigins:pirate_skin",
		"unionorigins:ghostly_aura",
		"unionorigins:pirate_water_breathe",
		"origins:fall_immunity",
		"unionorigins:scale_normalheight",
		"unionorigins:scale_normalwidth",
		"unionorigins:scale_stepheight_reset",
		"unionorigins:orbcraft",
		"unionorigins:teamleave",
		"unionorigins:scaleset_normal"
	],
	"icon": "minecraft:soul_lantern",
	"order": 12,
	"impact": 3,
	"name": "Spectral Captain",
	"description": "Once a legendary captain of the seas, now abandoned in this new world."
}