{
	"powers": [
		"unionorigins:large_body_pirate",
		"unionorigins:cannon_fire",
		"unionorigins:cannon_fire_particles",
		"unionorigins:cannon_fire_knockback",
		"unionorigins:cannon_fire_sound",
		"unionorigins:cannon_fire_sound_additional",
		"unionorigins:cannon_fire_sound_additional_extra",
		"unionorigins:cannon_fire_sound_additional_extra_again",
		"unionorigins:flintlock",
		"unionorigins:flintlock_smoke",
		"unionorigins:flintlock_sound",
		"unionorigins:flintlock_sound_additional",
		"unionorigins:phasing",
		"unionorigins:phasing_sound",
		"unionorigins:phasing_sound_additional",
		"unionorigins:phasing_hunger",
		"unionorigins:phantomize",
		"unionorigins:pirate_swim",
		"unionorigins:pirate_skin",
		"unionorigins:ghostly_aura",
		"unionorigins:pirate_water_breathe",
		"origins:fall_immunity",
		"unionorigins:scale_normalheight",
		"unionorigins:scale_normalwidth",
		"unionorigins:scale_stepheight_reset",
		"unionorigins:upgradereset",
		"unionorigins:orbcraft",
		"unionorigins:teamleave",
		"unionorigins:scaleset_normal"
	],
	"icon": "minecraft:lantern",
	"order": 12,
	"impact": 3,
	"name": "Ghost Pirate",
	"description": "Once a legendary captain of the seas, now abandoned in this new world.",
	"upgrades": [
        {
		"condition": "minecraft:end/kill_dragon",
		"origin": "unionorigins:pirate-captain",
		"announcement": "You feel more powerful, and have upgraded your Origin."
		} 
	]
}