{
	"powers": [
		"unionorigins:mother_nature",
		"unionorigins:mother_nature_particles",
		"unionorigins:mother_nature_sound",
		"unionorigins:mother_nature_sound_additional",
		"unionorigins:autumn_retreat",
		"unionorigins:autumn_retreat_particles",
		"unionorigins:autumn_retreat_sound",
		"unionorigins:will_of_the_forest",
		"unionorigins:will_of_the_forest_particles",
		"unionorigins:will_of_the_forest_sound",
		"unionorigins:will_of_the_forest_sound_additional",
		"unionorigins:will_of_the_forest_sound_additional_extra",
		"unionorigins:normal_body_satyr",
		"unionorigins:barkskin",
		"unionorigins:blind_immune",
		"unionorigins:slowness_immune",
		"unionorigins:scale_normalheight",
		"unionorigins:scale_normalwidth",
		"unionorigins:scale_stepheight_reset",
		"unionorigins:upgradereset",
		"unionorigins:orbcraft",
		"unionorigins:teamleave",
		"unionorigins:scaleset_normal"
	],
	"icon": "minecraft:oak_sapling",
	"order": 15,
	"impact": 3,
	"name": "Satyr Druid",
	"description": "Guided by the forest, the Satyrs have taken a following to the elements and healing powers of Nature.",
	"upgrades": [
        {
		"condition": "minecraft:end/kill_dragon",
		"origin": "unionorigins:satyrdruid-nature",
		"announcement": "You feel more powerful, and have upgraded your Origin."
		} 
	]
}