{
	"powers": [
		"unionorigins:mother_natureupgrade",
		"unionorigins:mother_nature_particles",
		"unionorigins:mother_nature_sound",
		"unionorigins:mother_nature_sound_additional",
		"unionorigins:autumn_retreatupgrade",
		"unionorigins:autumn_retreat_particles",
		"unionorigins:autumn_retreat_sound",
		"unionorigins:will_of_the_forestupgrade",
		"unionorigins:will_of_the_forest_particles",
		"unionorigins:will_of_the_forest_sound",
		"unionorigins:will_of_the_forest_sound_additional",
		"unionorigins:will_of_the_forest_sound_additional_extra",
		"unionorigins:ambrosia",
		"unionorigins:ambrosia_sound",
		"unionorigins:normal_body_satyr",
		"unionorigins:barkskinupgrade",
		"unionorigins:blind_immune",
		"unionorigins:slowness_immune",
		"unionorigins:hunger_immune",
		"unionorigins:scale_normalheight",
		"unionorigins:scale_normalwidth",
		"unionorigins:scale_stepheight_reset",
		"unionorigins:orbcraft",
		"unionorigins:teamleave",
		"unionorigins:scaleset_normal"
	],
	"icon": "minecraft:rose_bush",
	"order": 15,
	"impact": 3,
	"name": "Nature's Chosen",
	"description": "Guided by the forest, the Satyrs have taken a following to the elements and healing powers of Nature."
}