{
	"powers": [
		"unionorigins:serpent_stride",
		"unionorigins:serpent_stride_lava",
		"unionorigins:serpent_stride_sound",
		"unionorigins:serpent_stride_sound_lava",
		"unionorigins:serpent_stride_particles",
		"unionorigins:serpent_stride_particles_lava",
		"unionorigins:serpent_tailwhip",
		"unionorigins:serpent_tailwhip_sound",
		"unionorigins:serpent_tailwhip_particles",
		"unionorigins:serpent_fire",
		"unionorigins:serpent_fire_sound",
		"unionorigins:serpent_fire_particles",
		"unionorigins:serpent_nightvision",
		"unionorigins:serpent_nightvision_sound",
		"unionorigins:serpent_nightvision_particles",
		"unionorigins:serpent_skyswim",
		"unionorigins:lava_vision",
		"unionorigins:serpent_water_buff",
		"unionorigins:serpent_water_buff_lava",
		"unionorigins:serpent_waterbreathing_buff_perma",
		"unionorigins:serpent_fire_buff_perma",
		"unionorigins:levitation_immune",
		"origins:more_exhaustion",
		"unionorigins:scale_normalheight",
		"unionorigins:scale_normalwidth",
		"unionorigins:scale_stepheight_reset",
		"unionorigins:upgradereset",
		"unionorigins:orbcraft",
		"unionorigins:teamleave",
		"unionorigins:scaleset_normal"
	],
	"icon": "minecraft:end_crystal",
	"order": 21,
	"impact": 3,
	"name": "Elemental Serpent",
	"description": "Once a myth, now feared by those unworthy, these ancient dragons have control over the elements, allowing them to judge those who use their power for evil.",
	"upgrades": [
        {
		"condition": "minecraft:end/kill_dragon",
		"origin": "unionorigins:serpent-voiddragon",
		"announcement": "You feel more powerful, and have upgraded your Origin."
		} 
	]
}