{
	"powers": [
		"unionorigins:serpent_strideupgrade",
		"unionorigins:serpent_stride_lavaupgrade",
		"unionorigins:serpent_stride_sound",
		"unionorigins:serpent_stride_sound_lava",
		"unionorigins:serpent_stride_particles",
		"unionorigins:serpent_stride_particles_lava",
		"unionorigins:serpent_tailwhipupgrade",
		"unionorigins:serpent_tailwhip_soundupgrade",
		"unionorigins:serpent_tailwhip_particlesupgrade",
		"unionorigins:serpent_fireupgrade",
		"unionorigins:serpent_fire_soundupgrade",
		"unionorigins:serpent_fire_particlesupgrade",
		"unionorigins:serpent_nightvision",
		"unionorigins:serpent_nightvision_sound",
		"unionorigins:serpent_nightvision_particles",
		"unionorigins:voidwarp",
		"unionorigins:voidwarp_sound",
		"unionorigins:dolphinbuff",
		"unionorigins:dolphinbuffoff",
		"unionorigins:serpent_skyswim",
		"unionorigins:lava_vision",
		"unionorigins:serpent_water_buff",
		"unionorigins:serpent_water_buff_lava",
		"unionorigins:serpent_waterbreathing_buff_perma",
		"unionorigins:serpent_fire_buff_perma",
		"unionorigins:levitation_immune",
		"unionorigins:weakness_immune",
		"origins:more_exhaustion",
		"unionorigins:scale_normalheight",
		"unionorigins:scale_normalwidth",
		"unionorigins:scale_stepheight_reset",
		"unionorigins:orbcraft",
		"unionorigins:teamleave",
		"unionorigins:scaleset_normal"
	],
	"icon": "minecraft:dragon_egg",
	"order": 21,
	"impact": 3,
	"name": "Void Dragon",
	"description": "Once a myth, now feared by those unworthy, these ancient dragons have control over the elements, allowing them to judge those who use their power for evil."
}