{
	"powers": [
		"unionorigins:hurt_potion_splashupgrade",
		"unionorigins:hurt_potion_splash_soundupgrade",
		"unionorigins:hurt_potion_splash_particlesupgrade",
		"unionorigins:wither_shootupgrade",
		"unionorigins:wither_shoot_sound_additionalupgrade",
		"unionorigins:wither_shoot_particlesupgrade",
		"unionorigins:soul_summonupgrade",
		"unionorigins:soul_summon_soundupgrade",
		"unionorigins:soul_summon_sound_additionalupgrade",
		"unionorigins:soul_summon_sound_additional_extraupgrade",
		"unionorigins:soul_summon_particlesupgrade",
		"unionorigins:soul_particles",
		"unionorigins:enderpearl_teleport",
		"unionorigins:enderpearl_teleport_sound",
		"unionorigins:enderpearl_teleport_particles",
		"unionorigins:gravekeeper",
		"unionorigins:undead",
		"unionorigins:slowness_meleeupgrade",
		"unionorigins:wither_immune",
		"unionorigins:scale_normalheight",
		"unionorigins:scale_normalwidth",
		"unionorigins:scale_stepheight_reset",
		"unionorigins:orbcraft",
		"unionorigins:teamwarlockcreate",
		"unionorigins:teamwarlock",
		"unionorigins:scaleset_normal"
	],
	"icon": "minecraft:wither_skeleton_skull",
	"order": 16,
	"impact": 3,
	"name": "Icon of Death",
	"description": "The ones of darkness, and callers of the end, these fallen wizards have sought unfathomable power, but at the cost of their humanity."
}