{
	"powers": [
		"unionorigins:hurt_potion_splash",
		"unionorigins:hurt_potion_splash_sound",
		"unionorigins:hurt_potion_splash_particles",
		"unionorigins:wither_shoot",
		"unionorigins:wither_shoot_sound_additional",
		"unionorigins:wither_shoot_particles",
		"unionorigins:soul_summon",
		"unionorigins:soul_summon_sound",
		"unionorigins:soul_summon_sound_additional",
		"unionorigins:soul_summon_sound_additional_extra",
		"unionorigins:soul_summon_particles",
		"unionorigins:soul_particles",
		"unionorigins:enderpearl_teleport",
		"unionorigins:enderpearl_teleport_sound",
		"unionorigins:enderpearl_teleport_particles",
		"unionorigins:slowness_melee",
		"unionorigins:wither_immune",
		"unionorigins:scale_normalheight",
		"unionorigins:scale_normalwidth",
		"unionorigins:scale_stepheight_reset",
		"unionorigins:upgradereset",
		"unionorigins:orbcraft",
		"unionorigins:teamwarlockcreate",
		"unionorigins:teamwarlock",
		"unionorigins:scaleset_normal"
	],
	"icon": "minecraft:skeleton_skull",
	"order": 16,
	"impact": 3,
	"name": "Soul Warlock",
	"description": "The ones of darkness, and callers of the end, these fallen wizards have sought unfathomable power, but at the cost of their humanity.",
	"upgrades": [
        {
		"condition": "minecraft:end/kill_dragon",
		"origin": "unionorigins:soulalchemist-iconofdeath",
		"announcement": "You feel more powerful, and have upgraded your Origin."
		} 
	]
}