{
	"powers": [
		"unionorigins:holy_grenade",
		"unionorigins:holy_grenade_particles",
		"unionorigins:holy_grenade_sound",
		"unionorigins:holy_grenade_sound_additional",
		"unionorigins:holy_grenade_sound_additional_extra",
		"unionorigins:cleanse_soul",
		"unionorigins:cleanse_soul_particles",
		"unionorigins:cleanse_soul_sound",
		"unionorigins:healing_aura",
		"unionorigins:healing_aura_particles",
		"unionorigins:healing_aura_sound",
		"unionorigins:healing_aura_sound_additional",
		"unionorigins:healing_aura_sound_additional_extra",
		"unionorigins:normal_body_templar",
		"unionorigins:self_regen_on_hit",
		"unionorigins:poison_immune",
		"unionorigins:wither_immune",
		"unionorigins:scale_normalheight",
		"unionorigins:scale_normalwidth",
		"unionorigins:scale_stepheight_reset",
		"unionorigins:upgradereset",
		"unionorigins:orbcraft",
		"unionorigins:teamleave",
		"unionorigins:scaleset_normal"
	],
	"icon": "minecraft:totem_of_undying",
	"order": 13,
	"impact": 3,
	"name": "Templar",
	"description": "A holy knight of righteousness, willing to save those in need and fight for what they believe in.",
	"upgrades": [
        {
		"condition": "minecraft:end/kill_dragon",
		"origin": "unionorigins:templar-holypaladin",
		"announcement": "You feel more powerful, and have upgraded your Origin."
		} 
	]
}