{
	"powers": [
		"unionorigins:holy_grenadeupgrade",
		"unionorigins:holy_grenade_particlesupgrade",
		"unionorigins:holy_grenade_soundupgrade",
		"unionorigins:holy_grenade_sound_additionalupgrade",
		"unionorigins:holy_grenade_sound_additional_extraupgrade",
		"unionorigins:cleanse_soulupgrade",
		"unionorigins:cleanse_soul_particlesupgrade",
		"unionorigins:cleanse_soul_soundupgrade",
		"unionorigins:healing_auraupgrade",
		"unionorigins:healing_aura_particlesupgrade",
		"unionorigins:healing_aura_soundupgrade",
		"unionorigins:healing_aura_sound_additionalupgrade",
		"unionorigins:healing_aura_sound_additional_extraupgrade",
		"unionorigins:smite",
		"unionorigins:smite_sound",
		"unionorigins:normal_body_templar",
		"unionorigins:self_regen_on_hitupgrade",
		"unionorigins:poison_immune",
		"unionorigins:wither_immune",
		"unionorigins:lightning_immune",
		"unionorigins:scale_normalheight",
		"unionorigins:scale_normalwidth",
		"unionorigins:scale_stepheight_reset",
		"unionorigins:orbcraft",
		"unionorigins:teamleave",
		"unionorigins:scaleset_normal"
	],
	"icon": "minecraft:golden_sword",
	"order": 13,
	"impact": 3,
	"name": "Holy Paladin",
	"description": "A holy knight of righteousness, willing to save those in need and fight for what they believe in."
}