{
	"powers": [
		"unionorigins:winters_furyupgrade",
		"unionorigins:winters_fury_soundupgrade",
		"unionorigins:winters_fury_particlesupgrade",
		"unionorigins:winters_fury_particles_additionalupgrade",
		"unionorigins:find_preyupgrade",
		"unionorigins:find_prey_sound",
		"unionorigins:cannibalizeupgrade",
		"unionorigins:cannibalize_sound",
		"unionorigins:cannibalize_sound_additional",
		"unionorigins:cannibalize_particles",
		"unionorigins:wendigo_nightvision",
		"unionorigins:wendigo_nightvision_sound",
		"unionorigins:wendigo_nightvision_particles",
		"unionorigins:foodbuff",
		"unionorigins:foodbuff_sound",
		"unionorigins:large_body_wendigo",
		"unionorigins:wendigo_skin",
		"unionorigins:frostwalker",
		"unionorigins:wendigo_aura",
		"unionorigins:wendigo_aura_extra",
		"unionorigins:wendigo_melee",
		"unionorigins:steal_hunger",
		"unionorigins:slowness_immune",
		"unionorigins:poison_immune",
		"unionorigins:wither_immune",
		"origins:more_exhaustion",
		"unionorigins:scale_normalheight",
		"unionorigins:scale_normalwidth",
		"unionorigins:scale_stepheight_reset",
		"unionorigins:orbcraft",
		"unionorigins:teamleave",
		"unionorigins:scaleset_normal"
	],
	"icon": "minecraft:snowball",
	"order": 20,
	"impact": 3,
	"name": "Frost Feaster",
	"description": "Once a human, now cursed with the taste of flesh, these cannibalistic creatures are known to tear their enemies apart, devouring them to the bone."
}