{
	"powers": [
		"unionorigins:winters_fury",
		"unionorigins:winters_fury_sound",
		"unionorigins:winters_fury_particles",
		"unionorigins:winters_fury_particles_additional",
		"unionorigins:find_prey",
		"unionorigins:find_prey_sound",
		"unionorigins:cannibalize",
		"unionorigins:cannibalize_sound",
		"unionorigins:cannibalize_sound_additional",
		"unionorigins:cannibalize_particles",
		"unionorigins:wendigo_nightvision",
		"unionorigins:wendigo_nightvision_sound",
		"unionorigins:wendigo_nightvision_particles",
		"unionorigins:large_body_wendigo",
		"unionorigins:wendigo_skin",
		"unionorigins:frostwalker",
		"unionorigins:wendigo_aura",
		"unionorigins:wendigo_aura_extra",
		"unionorigins:wendigo_melee",
		"unionorigins:steal_hunger",
		"unionorigins:slowness_immune",
		"origins:more_exhaustion",
		"unionorigins:scale_normalheight",
		"unionorigins:scale_normalwidth",
		"unionorigins:scale_stepheight_reset",
		"unionorigins:upgradereset",
		"unionorigins:orbcraft",
		"unionorigins:teamleave",
		"unionorigins:scaleset_normal"
	],
	"icon": "minecraft:packed_ice",
	"order": 20,
	"impact": 3,
	"name": "Wendigo",
	"description": "Once a human, now cursed with the taste of flesh, these cannibalistic creatures are known to tear their enemies apart, devouring them to the bone.",
	"upgrades": [
        {
		"condition": "minecraft:end/kill_dragon",
		"origin": "unionorigins:wendigo-frostlich",
		"announcement": "You feel more powerful, and have upgraded your Origin."
		} 
	]
}