{
	"powers": [
		"unionorigins:gustshotupgrade",
		"unionorigins:gustshot_soundupgrade",
		"unionorigins:backdraftupgrade",
		"unionorigins:backdraft_jumpupgrade",
		"unionorigins:backdraft_particles",
		"unionorigins:backdraft_sound",
		"unionorigins:backdraft_sound_additional",
		"unionorigins:skyrun_redoupgrade",
		"unionorigins:skyrun_particles",
		"unionorigins:skyrun_sound",
		"unionorigins:hover_wind",
		"unionorigins:hover_active",
		"unionorigins:hover_particles",
		"unionorigins:hover_wind_sound",
		"unionorigins:normal_body_archer",
		"unionorigins:bowbuff",
		"unionorigins:bowbuffoff",
		"unionorigins:climbing",
		"unionorigins:climbingtoggle",
		"origins:tailwind",
		"origins:fall_immunity",
		"origins:no_cobweb_slowdown",
		"unionorigins:slowness_immune",
		"unionorigins:scale_normalheight",
		"unionorigins:scale_normalwidth",
		"unionorigins:scale_stepheight",
		"unionorigins:orbcraft",
		"unionorigins:teamleave",
		"unionorigins:scaleset_normalarcher"
	],
	"icon": "minecraft:nether_star",
	"order": 18,
	"impact": 3,
	"name": "Wind Elemental",
	"description": "Formed by the Elemental Rangers, Wind Archers have a deep connection to nature and the winds, being entrusted by the elementals to protect their world."
}