{
	"powers": [
		"unionorigins:gustshot",
		"unionorigins:gustshot_sound",
		"unionorigins:backdraft",
		"unionorigins:backdraft_jump",
		"unionorigins:backdraft_particles",
		"unionorigins:backdraft_sound",
		"unionorigins:backdraft_sound_additional",
		"unionorigins:skyrun_redo",
		"unionorigins:skyrun_particles",
		"unionorigins:skyrun_sound",
		"unionorigins:normal_body_archer",
		"unionorigins:climbing",
		"unionorigins:climbingtoggle",
		"origins:tailwind",
		"origins:fall_immunity",
		"origins:no_cobweb_slowdown",
		"unionorigins:scale_normalheight",
		"unionorigins:scale_normalwidth",
		"unionorigins:scale_stepheight",
		"unionorigins:upgradereset",
		"unionorigins:orbcraft",
		"unionorigins:teamleave",
		"unionorigins:scaleset_normalarcher"
	],
	"icon": "minecraft:bow",
	"order": 18,
	"impact": 3,
	"name": "Wind Archer",
	"description": "Formed by the Elemental Rangers, Wind Archers have a deep connection to nature and the winds, being entrusted by the elementals to protect their world.",
	"upgrades": [
        {
		"condition": "minecraft:end/kill_dragon",
		"origin": "unionorigins:windarcher-stormelemental",
		"announcement": "You feel more powerful, and have upgraded your Origin."
		} 
	]
}